query_id,n,c,pass@1,pass@5,pass@10,pass@15,pass@20,pass@30,pass@40,pass@50
query1,50.0,25.0,0.5,0.9749240121580547,0.9996817882123221,0.9999985477532213,0.9999999988726737,1.0,1.0,1.0
query2,50.0,10.0,0.20000000000000018,0.6894372179954313,0.9174807658075715,0.9821286580287379,0.9970751361574547,0.9999820141163487,0.9999999999026506,1.0
query3,50.0,23.0,0.4600000000000002,0.9618975249674337,0.9991787328126843,0.9999922766875857,0.9999999811575463,1.0,1.0,1.0
Overall,,,0.4000000000000001,0.8784844279987665,0.9721827081648562,0.994040238959769,0.9990250390924745,0.9999940047054495,0.9999999999675503,1.0
