query_id,n,c,pass@1,pass@5,pass@10,pass@20
query1,20.0,13.0,0.65,0.9986455108359134,1.0,1.0
query2,20.0,18.0,0.8999999999999999,1.0,1.0,1.0
query3,20.0,19.0,0.95,1.0,1.0,1.0
Overall,,,0.8333333333333334,0.9995485036119711,1.0,1.0
