query_id,n,c,pass@1,pass@5,pass@10,pass@20
query1,20.0,14.0,0.7,0.9996130030959752,1.0,1.0
query2,20.0,10.0,0.4999999999999999,0.9837461300309598,0.9999945874558878,1.0
query3,20.0,1.0,0.050000000000000044,0.25,0.5,1.0
query4,20.0,0.0,0.0,0.0,0.0,0.0
query5,20.0,4.0,0.20000000000000007,0.7182662538699691,0.956656346749226,1.0
query6,20.0,9.0,0.44999999999999984,0.9702012383900929,0.9999404620147654,1.0
query7,20.0,1.0,0.050000000000000044,0.25,0.5,1.0
Overall,,,0.2785714285714285,0.5959752321981424,0.7080844851742684,0.8571428571428571
