query_id,n,c,pass@1,pass@5,pass@10,pass@20
query1,20.0,14.0,0.7,0.9996130030959752,1.0,1.0
query2,20.0,9.0,0.44999999999999984,0.9702012383900929,0.9999404620147654,1.0
query3,20.0,1.0,0.050000000000000044,0.25,0.5,1.0
query4,20.0,0.0,0.0,0.0,0.0,0.0
query5,20.0,8.0,0.4,0.9489164086687306,0.9996427720885925,1.0
query6,20.0,7.0,0.3500000000000001,0.9169891640866873,0.9984520123839009,1.0
query7,20.0,1.0,0.050000000000000044,0.25,0.5,1.0
Overall,,,0.2857142857142857,0.6193885448916409,0.7140050352124655,0.8571428571428571
